,Positiveg,POPg_past_ma5
51,0,-0.007562198691152
52,0,-0.007194247853528757
53,0,-0.006258177760618655
54,0,-0.004680963169503149
55,0,-0.003933928188676883
56,0,-0.003018425189837526
57,1,-0.001946525674546784
58,0,-0.0014886156303229204
59,0,-0.0015119737614492702
60,0,-0.0015252727337305538
