,POPg,POPg_past_ma5
51,-0.006208331433287473,-0.007562198691152
52,-0.002138693198329822,-0.007194247853528757
53,-0.0014403045102828749,-0.006258177760618655
54,-0.003161791565489458,-0.004680963169503149
55,-0.0021430052417980017,-0.003933928188676883
56,-0.0008488338568337639,-0.003018425189837526
57,0.00015085702278949675,-0.001946525674546784
58,-0.0015570951659146237,-0.0014886156303229204
59,-0.0032282864268958766,-0.0015119737614492702
60,-0.001075276492367716,-0.0015252727337305538
